method,clDice_mean,clDice_std,P@2_mean,P@2_std,R@2_mean,R@2_std,F1@2_mean,F1@2_std,P@3_mean,P@3_std,R@3_mean,R@3_std,F1@3_mean,F1@3_std,P@5_mean,P@5_std,R@5_mean,R@5_std,F1@5_mean,F1@5_std,HD95_mean,HD95_std,ASSD_mean,ASSD_std,Betti0_err_mean,Betti0_err_std,Betti1_err_mean,Betti1_err_std,pred_b0_mean,pred_b0_std,gt_b0_mean,gt_b0_std,pred_b1_mean,pred_b1_std,gt_b1_mean,gt_b1_std,APLS_mean,APLS_std,Junction_P_mean,Junction_P_std,Junction_R_mean,Junction_R_std,Junction_F1_mean,Junction_F1_std,n_pred_junc_mean,n_pred_junc_std,n_gt_junc_mean,n_gt_junc_std,n_images,elapsed_sec,ms_per_image
dscnet,0.40026252954342567,0.040420626678871,0.9585648788039355,0.025330065585531737,0.9519943323110952,0.029537975276544767,0.9552318119574811,0.02692020322358006,0.9844552278496649,0.011861799689378342,0.9788480167782759,0.01667761363976135,0.9816206949372815,0.013712883959500278,0.9946801728040924,0.005104256207734572,0.9896001972668397,0.011550739633150736,0.992116603646719,0.007978728974738624,2.098318186673251,0.3693801311491315,0.7677475051446394,0.12883124967688928,0.36363636363636365,0.48104569292083466,1.9090909090909092,1.311109554714178,1.4545454545454546,0.8907235428302467,1.6363636363636365,1.2264306875665492,2.1818181818181817,1.4658650451451907,3.3636363636363638,2.9005556606443306,0.3781719350625055,0.22088034873190363,0.6458617140435323,0.2912473186077648,0.7541125541125542,0.21241010649957684,0.6785682443142469,0.2574937504135131,7.2727272727272725,3.51854590552066,5.636363636363637,3.0828772650569403,11,3.165663480758667,287.78758915987885
