method,clDice_mean,clDice_std,P@2_mean,P@2_std,R@2_mean,R@2_std,F1@2_mean,F1@2_std,P@3_mean,P@3_std,R@3_mean,R@3_std,F1@3_mean,F1@3_std,P@5_mean,P@5_std,R@5_mean,R@5_std,F1@5_mean,F1@5_std,HD95_mean,HD95_std,ASSD_mean,ASSD_std,Betti0_err_mean,Betti0_err_std,Betti1_err_mean,Betti1_err_std,pred_b0_mean,pred_b0_std,gt_b0_mean,gt_b0_std,pred_b1_mean,pred_b1_std,gt_b1_mean,gt_b1_std,APLS_mean,APLS_std,Junction_P_mean,Junction_P_std,Junction_R_mean,Junction_R_std,Junction_F1_mean,Junction_F1_std,n_pred_junc_mean,n_pred_junc_std,n_gt_junc_mean,n_gt_junc_std,n_images,elapsed_sec,ms_per_image
model,0.5159563784961214,0.05901270635388879,0.9905109325060877,0.008547213734020924,0.9902377999217798,0.01060287020180421,0.9903695223173887,0.009391748743021034,0.9970419959138261,0.004121536497037611,0.9973082381501339,0.005640611368711358,0.9971728575900536,0.004718353922907349,0.9986162053715478,0.002396482712255773,0.9990848078097169,0.0028940918180931394,0.9988489558706459,0.0023728010409285677,1.218645453453064,0.1992972423672575,0.51767528869889,0.07926214321990738,0.2727272727272727,0.616575453011388,1.0909090909090908,1.5640591394622958,1.7272727272727273,1.7104443383842527,1.6363636363636365,1.2264306875665492,2.4545454545454546,1.827250112931071,3.3636363636363638,2.9005556606443306,0.6300708513977628,0.2664112589431318,0.8294372294372294,0.18531570817339743,0.861904761904762,0.18900950470135097,0.8409090412023391,0.1782864050046789,5.7272727272727275,2.956991994052835,5.636363636363637,3.0828772650569403,11,2.7886135578155518,253.5103234377774
